11010101,CAJA PESOS
11010201,BANCO SCOTIABANK
11010202,BANCO BICE
11010203,BANCO CHILE
11010204,BANCO CHILE CUENTA 800
11010205,BANCO DE CREDITO E INVERSIONES
11010206,BANCO ESTADO
11010207,BANCO INTERNACIONAL
11010208,BANCO ITAU
11010209,BANCO SANTANDER
11010210,BANCO SCOTIABANK
11010211,BANCO SECURITY
11010212,BANCO REMUNERACIONES
11010213,BANCO SANTANDER USD
11010214,BANCO CONSORCIO
11020101,DEPOSITOS BANCARIOS MONEDA NACIONAL
11020102,COLOCACIONES BANCARIAS MONEDA NACIONAL
11020401,DEPOSITOS BANCARIOS OTRAS MONEDAS
11020402,COLOCACIONES BANCARIAS OTRAS MONEDAS
11030101,ACCIONES
11030102,FONDOS MUTUOS MONEDA NACIONAL
11030105,FONDOS MUTUOS OTRAS MONEDAS
11040104,CLIENTES FACTORING
11040130,CLIENTES ARQUEOS
11040131,RETENCIONES DEVENGADAS
11050101,CHEQUES EN CARTERA
11050102,DOCUMENTOS PROTESTADOS
11050104,PAGARE POR COBRAR
11050106,BOLETAS GARANTIAS
11050199,PROVISION INCOBRABLE DOCUMENTOS
11060101,ANTICIPOS AL PERSONAL
11060102,PRESTAMOS AL PERSONAL
11060103,ANTICIPOS IDM
11060107,DEUDORES POR VENTA ACTIVO FIJO
11060109,CUENTA CORRIENTE COSTA CENTRAL
11060110,PRESTAMOS AL PERSONAL
11060120,DEUDORES VARIOS
11060199,PROVISION INCOBRABLE DEUDORES VARIOS
11080101,NEUMATICOS
11080102,COMBUSTIBLES
11080103,LUBRICANTES Y REFRIGERANTES
11080104,REPUESTOS
11080105,ACCESORIOS INTERIOR BUSES
11080106,ARTICULOS DE OFICINAS
11080107,INSUMOS COMPUTACIONALES
11080108,CASINO
11080109,VESTUARIOS
11080110,INSUMOS PARA DESPACHOS
11080201,NEBULIZADORES
11080202,PULVERIZADORES
11080203,AZUFRADORAS
11080204,HERBICIDAS
11080205,BAÑOS QUIMICOS
11080206,BARRAS
11080207,MOTOCULTORES
11080208,CARROS
11080209,EQUIPOS MULTIPLES
11080220,OTROS EQUIPOS AGRICOLAS
11080301,NEBULIZADORES EN PROCESOS
11080302,HERBICIDAS EN PROCESOS
11080303,CARROS EN PROCESOS
11080304,EQUIPOS MULTIPLES EN PROCESOS
11080305,OTROS EQUIPOS AGRICOLAS EN PROCESOS
11080401,IMPORTACIONES MAQUINARIAS
11080402,IMPORTACIONES REPUESTOS
11080430,IMPORTACIONES BUSES
11080501,PROYECTOS TERMINAL SUR
11080502,PROYECTOS TERMINAL CALAMA
11080503,PROYECTOS TERMINAL LA SERENA
11080504,PROYECTOS TERMINAL CONCEPCION
11080550,CONSTRUCCCIONES EN PROCESOS
11090101,IVA CREDITO FISCAL
11090102,P.P.M.
11090103,SENCE
11090104,CREDITO ACTIVO FIJO
11090105,P.P.M. POR PEAJES
11090106,DONACIONES
11090107,REMANENTE CREDITO FISCAL
11090108,IMPUESTO ESPECIFICO
11090109,IMPUESTOS POR RECUPERAR
11100101,SEGUROS
11100102,ARRIENDOS
11100103,PATENTES COMERCIALES
11100151,OTROS GASTOS ANTICIPADOS
11110101,IMPTOS.DIFERIDOS X COBRAR C.P
11120101,INTERESES DIF. LEASING MN
11120104,INTERESES DIF. PRESTAMOS MN
11120105,INTERESES DIF. PRESTAMOS UF
11120201,CONTRATOS FORWARD
11120205,OTROS ACTIVOS CIRCULANTES
12010101,TERRENOS
12020101,EDIFICIOS Y CONSTRUCCIONES
12020102,INSTALACIONES
12020103,OBRAS EN CURSO
12030101,MAQUINARIAS TALLER
12030102,HERRAMIENTAS
12030103,EQUIPOS DE COMPUTACION
12030104,MUEBLES Y UTILES
12030105,MAQUINAS DE OFICINA
12030106,EQUIPOS DE COMUNICACIONES
12030107,OTROS
12040101,EDIFICIOS Y CONSTRUCCIONES EN LEASING
12040102,VEHICULOS EN LEASING
12040103,EQUIPOS COMPUTACIONALES EN LEASING
12050101,VEHICULOS
12050102,VEHICULOS TASADOS
13010101,REVAL. TERRENOS
13020101,REVAL. EDIFICIOS Y CONSTRUCCIONES
13020102,REVAL. INSTALACIONES
13020103,REVAL. OBRAS EN CURSO
13030101,REVAL. MAQUINARIAS TALLER
13030102,REVAL. HERRAMIENTAS
13030103,REVAL. EQUIPOS DE COMPUTACION
13030104,REVAL. MUEBLES Y UTILES
13030105,REVAL. MAQUINAS DE OFICINA
13030106,REVAL. EQUIPOS DE COMUNICACIONES
13030151,REVAL. OTROS
13040101,REVAL. EDIFICIOS Y CONSTRUCCIONES EN LEASING
13040102,REVAL. VEHICULOS EN LEASING
13040103,REVAL. EQUIPOS COMPUTACIONALES EN LEASING
13050101,REVAL. VEHICULOS
13050102,REVAL. VEHICULOS TASADOS
14010101,DEPREC.ACUM. EDIFICIOS Y CONSTRUCCIONES
14010102,DEPREC.ACUM. VEHICULOS Y MAQUINARIAS
14010103,DEPREC.ACUM. OTROS ACTIVOS FIJOS
14020101,DEPREC.ACUM. EDIFICIOS Y CONSTRUCCIONES
14020102,DEPREC.ACUM. VEHICULOS Y MAQUINARIAS
14020103,DEPREC.ACUM. OTROS ACTIVOS FIJOS
14030101,DEPREC.ACUM. VEHICULOS TASADOS
14030151,DEP. OTROS TASADOS
15020101,REV. DEP. ACUM.  EDIFICIOS Y CONSTRUCCIONES
15020102,REV. DEP. ACUM.  INSTALACIONES
15020103,REV. DEP. ACUM.  OBRAS EN CURSO
15030101,REV. DEPREC.ACUM. EDIFICIOS Y CONSTRUCCIONES
15030102,REV. DEPREC.ACUM. VEHICULOS Y MAQUINARIAS
15030103,REV. DEPREC.ACUM. OTROS ACTIVOS FIJOS
15040101,REV. DEPREC.ACUM. VEHICULOS TASADOS
15040102,REV. DEP. OTROS TASADOS
16010102,INV.EN OTRAS SOCIEDADES
16010301,INTERESES DIF. LEASING MN LP
16010302,INTERESES DIF. LEASING USD LP
16010303,INTERESES DIF. LEASING UF LP
16010304,INTERESES DIF. PRESTAMOS MN LP
16010305,INTERESES DIF. PRESTAMOS UF LP
16010320,GARANTIAS ARRIENDOS
16010321,DERECHOS DE AGUA
16010322,DERECHOS TRANSO.DE PASAJEROS
16010401,IMPTOS.DIFERIDOS X COBRAR L.P
16010402,ACT.COMPLEM.X IMPTO.DIF.X COBRAR
21010101,PRESTAMOS BANCARIOS MONEDA NACIONAL
21010102,OBLIGACIONES POR LEASING MONEDA NACIONAL
21010103,TARJETA DE CREDITO POR PAGAR MONEDA NACIONAL
21010104,OBLIGACIONES CON FACTORING
21010402,OBLIGACIONES POR LEASING UF
21010501,PRESTAMOS BANCARIOS OTRAS MONEDAS
21010502,OBLIGACIONES POR LEASING OTRAS MONEDAS
21010503,TARJETA DE CREDITO POR PAGAR OTRAS MONEDAS
21010601,PRESTAMOS BANCARIOS L/P PORC. C/P MONEDA NACIONAL
21010602,OBLIGACIONES POR LEASING L/P PORC. C/P MONEDA NACIONAL
21010603,TARJETA DE CREDITO POR PAGAR L/P PORC. C/P MONEDA NACIONAL
21011001,PRESTAMOS BANCARIOS L/P PORC. C/P OTRAS MONEDAS
21011002,OBLIGACIONES POR LEASING L/P PORC. C/P OTRAS MONEDAS
21011003,TARJETA DE CREDITO POR PAGAR L/P PORC. C/P OTRAS MONEDAS
21011101,DIVIDENDOS POR PAGAR
21011301,PROVEEDORES
21011401,DOCUMENTOS POR PAGAR
21011402,RENDICIONES POR PAGAR
21011403,LETRAS POR PAGAR
21011404,BOLETAS GARANTIAS
21011405,CHEQUES GIRADOS Y NO COBRADOS
21011406,SEGUROS POR PAGAR
21011410,CHEQUES PROTESTADOS
21011420,ACREEDORES VARIOS
21011521,*vip class*
21011601,IVA DEBITO FISCAL
21011602,IMPUESTO UNICO TRABAJADORES
21011603,RETENCION IMPTO. 2a CATEGORIA
21011604,PPM POR PAGAR
21011605,IVA POR PAGAR
21011606,OTROS IMPUESTOS POR PAGAR
21011701,REMUNERACIONES X PAGAR
21011703,FINIQUITO POR PAGAR
21011704,A.F.P.
21011705,ISAPRES
21011706,C.C.A.F. LOS ANDES
21011707,INP.
21011708,MUTUAL DE SEGURIDAD POR PAGAR
21011709,CREDITO C.C.A.F. LOS ANDES
21011710,CREDITO C.C.A.F. LA ARAUCANA
21011711,SEGURO DE VIDA POR PAGAR
21011712,SEGURO DE SALUD POR PAGAR
21011713,RETENCION JUDICIAL
21011714,CUOTAS SINDICATOS
21011715,SEGURO DE CESANTIA
21011716,CCAF LOS HEROES
21011717,BIENESTAR PERSONAL
21011718,PRESTAMOS FINANCIERAS AL PERSONAL
21011719,COOPERATIVA NORTE GRANDE
21011801,PROVISION FACTURAS PROVEEDORES
21011802,PROVISION VACACIONES
21011803,PROVISION INDEMNIZACIONES
21011804,PROVISION GRATIFICACION
21011805,PROVISION CONTINGENCIAS LEGALES
21011820,PROVISIONES VARIAS
21011901,PROVISION IMPUESTO A LA RENTA
21012001,ANTICIPO CLIENTES
21012003,ANTICIPO VENTA DE VEHICULO
21012101,IMPTOS.DIFERIDOS X PAGAR C.P
21012102,PAS.COMP.IMPTO.DIF.X PAGAR CP
22010101,PRESTAMOS BANCARIOS L/P MONEDA NACIONAL
22010102,OBLIGACIONES POR LEASING L/P MONEDA NACIONAL
22010103,TARJETA DE CREDITO POR PAGAR L/P MONEDA NACIONAL
22010501,PRESTAMOS BANCARIOS L/P OTRAS MONEDAS
22010502,OBLIGACIONES POR LEASING L/P OTRAS MONEDAS
22010503,TARJETA DE CREDITO POR PAGAR L/P OTRAS MONEDAS
22010601,LETRAS POR PAGAR L/P
22010602,CHEQUES POR PAGAR L/P
22010603,RENDICIONES POR PAGAR L/P
22010604,OTROS DOCUMENTOS POR PAGAR L/P
22010801,IMPTOS.DIFERIDOS X PAGAR L.P
22010802,PAS.COM.IMPTO.DIF.X COBRAR L/P
23010101,INTERES MINORITARIO
30010101,CAPITAL SOCIAL
30010201,RESERVA REV. CAPITAL PROPIO
30010202,RESERVA RETASACIONES TECNICAS
30010203,RESERVA C.M. VALOR LEASING
30010204,OTRAS RESERVAS
30010301,UTILIDADES RETENIDAS
30010501,RESULTADOS ACUMULADOS
30010502,UTILIDAD (PERDIDAS)  DEL EJERCICIO
41010101,INGRESOS POR VENTAS DE PASAJES
41010102,INGRESOS POR VENTAS DE PASAJES CONVENIOS
41010103,INGRESOS POR VENTAS DE PASAJES CAMINO
41010104,INGRESOS POR CONTRATOS DE TRANSPORTES PASAJEROS
41010105,INGRESOS POR SERVICIOS DE CARGAS FACTURAS
41010106,INGRESOS POR SERVICIOS DE CARGAS BOLETAS
41010107,INGRESOS POR SERVICIOS MALETEROS
41010108,INGRESO VENTA DE PASAJES DE TERCEROS
41010109,INGRESO VENTA SERVICIOS ESPECIALES
41010110,INGRESO POR ARRIENDOS DE VEHICULOS
41010201,INGRESOS POR VENTAS DE NEUMATICOS
41010202,INGRESOS POR VENTAS DE LUBRICANTES
41010203,INGRESOS POR VENTAS DE REPUESTOS
41010204,INGRESOS POR VENTAS DE COMBUSTIBLES
41010205,INGRESOS POR VENTAS DE ACCESORIOS INTERIOR BUSES
41010206,INGRESOS POR VENTAS DE ARTICULOS DE OFICINA
41010207,INGRESOS POR VENTAS DE ARTICULOS DE ASEO
41010208,INGRESOS POR VENTAS DE INSUMOS COMPUTACIONALES
41010209,INGRESOS POR VENTAS DE VESTUARIOS
41010210,INGRESOS POR VENTAS DE CASINOS
41010211,INGRESOS POR SERVICIOS DE PUBLICIDAD
41010212,INGRESOS POR SERVICIOS DE TELEFONIA
41010301,INGRESOS POR ARRIENDOS DE INMUEBLES
41010302,INGRESOS POR SUBARRIENDOS DE INMUEBLES
41010303,INGRESOS POR ARRIENDOS DE LOSAS
41010304,INGRESOS POR CONCESIONES
41010305,INGRESOS POR OBRAS DE CONST.E INFRAESTRUCTURAS
41010306,INGRESO POR EXPLOTACION DE BAÑOS
41010307,INGRESO POR EXPLOTACION DE CUSTODIA
41010401,INGRESOS POR VENTAS DE NEBULIZADORES
41010402,INGRESOS POR VENTAS DE PULVERIZADORES
41010403,INGRESOS POR VENTAS DE AZUFRADORAS
41010404,INGRESOS POR VENTAS DE HERBICIDAS
41010405,INGRESOS POR VENTAS DE BAÑOS QUIMICOS
41010406,INGRESOS POR VENTAS DE BARRAS
41010407,INGRESOS POR VENTAS DE MOTOCULTORES
41010408,INGRESOS POR VENTAS DE REPUESTOS
41010409,INGRESOS POR SERVICIOS DE REPARACIONES
41010501,INGRESOS POR CAPACITACION
41010601,SERVICIOS ADMINISTRATIVOS Y CONTABLES
41010602,ASESORIAS EN RRHH
41010603,SERVICIOS DE MANTENCION Y SOPORTE
41010604,SERVICIOS MONITOREO
41010605,VENTAS DE EQUIPOS
41010701,VENTA DE VEHICULOS
41010702,VENTA DE INMUEBLES
41010901,INDEMNIZACIONES SEGUROS
41010950,OTROS INGRESOS
51010101,COSTO VENTA DE PASAJES
51010102,COSTO VENTA DE PASAJES CONVENIOS
51010103,COSTO VENTA DE PASAJES CAMINO
51010104,COSTO VENTA DE TRANSPORTES PASAJEROS
51010105,COSTO POR SERVICIOS DE CARGAS FACTURAS
51010106,COSTO POR SERVICIOS DE CARGAS BOLETAS
51010107,COSTO POR SERVICIOS MALETEROS
51010108,COSTO DE VENTA POR VENTA DE PASAJES DE TERCEROS
51010109,COSTO DE VENTA POR  SERVICIOS ESPECIALES
51010201,COSTO VENTA DE NEUMATICOS
51010202,COSTO VENTA DE LUBRICANTES
51010203,COSTO VENTA DE REPUESTOS
51010204,COSTO VENTA DE COMBUSTIBLES
51010205,COSTO VENTA DE ACCESORIOS INTERIOR BUSES
51010206,COSTO VENTA DE ARTICULOS DE OFICINA
51010207,COSTO VENTA DE ARTICULOS DE ASEO
51010208,COSTO VENTA DE INSUMOS COMPUTACIONALES
51010209,COSTO VENTA DE VESTUARIOS
51010210,COSTO VENTA DE CASINOS
51010211,COSTO POR SERVICIOS DE PUBLICIDAD
51010212,COSTO POR SERVICIOS DE TELEFONIA
51010301,COSTO VENTA POR ARRIENDOS DE INMUEBLES
51010302,COSTO VENTA POR SUBARRIENDOS DE INMUEBLES
51010303,COSTO VENTA POR ARRIENDOS DE LOSAS
51010304,COSTO VENTA POR CONCESIONES
51010305,COSTO VENTA POR OBRAS DE CONST.E INFRAESTRUCTURAS
51010306,COSTO DE VENTA POR EXPLOTACION DE BAÑOS
51010307,COSTO DE VENTA POR EXPLOTACION DE CUSTODIA
51010401,COSTO VENTA DE NEBULIZADORES
51010402,COSTO VENTA DE PULVERIZADORES
51010403,COSTO VENTA DE AZUFRADORAS
51010404,COSTO VENTA DE HERBICIDAS
51010405,COSTO VENTA DE BAÑOS QUIMICOS
51010406,COSTO VENTA DE BARRAS
51010407,COSTO VENTA DE MOTOCULTORES
51010408,COSTO VENTA DE REPUESTOS
51010409,COSTO POR SERVICIOS DE REPARACIONES
51010501,COSTOS POR CAPACITACION
51010601,COSTOS SERVICIOS ADMINISTRATIVOS Y CONTABLES
51010602,COSTOS ASESORIAS EN RRHH
51010603,COSTOS SERVICIOS DE MANTENCION Y SOPORTE
51010604,COSTOS SERVICIOS MONITOREO
51010605,COSTOS VENTAS DE EQUIPOS
51010701,SUELDOS OPERACIONAL
51010702,APORTES EMPLEADOR OPERACIONAL
51010703,HONORARIOS OPERACIONAL
51010704,AGUINALDOS OPERACIONAL
51010705,FINIQUITOS OPERACIONAL
51010706,BIENESTAR OPERACIONAL
51010707,SEGUROS OPERACIONAL
51010708,COLACION Y MOVILIZACION OPERACIONAL
51010709,HORAS EXTRAORDINARIAS OPERACIONAL
51010710,VIATICOS OPERACIONAL
51010711,COMISIONES OPERACIONAL
51010712,BONOS OPERACIONAL
51010901,DEPRECIACION VEHICULOS
51010902,DEPRECIACION CONSTRUCCION Y OBRAS
51010903,DEPRECIACION EQUIPOS COMPUTACIONALES
51010904,DEPRECIACION OTROS ACTIVOS FIJOS
51010905,DEPRECIACION VEHICULOS LEASING
51010906,DEPRECIACION CONSTRUCCION Y OBRAS LEASING
51010907,DEPRECIACION EQUIPOS COMPUTACIONALES LEASING
51010908,DEPRECIACION OTROS ACTIVOS FIJOS LEASING
51010909,DEPRECIACION VEHICULOS TASADOS
51010910,DEPRECIACION CONSTRUCCION Y OBRAS TASADOS
51010911,DEPRECIACION EQUIPOS COMPUTACIONALES TASADOS
51010912,DEPRECIACION OTROS ACTIVOS FIJOS TASADOS
51020101,COSTOS VENTAS VEHICULOS USADOS
51020102,COSTOS VENTAS INMUEBLES
51020103,COSTOS VENTA VEHICULOS LEASING
51020110,COSTOS ACTIVADOS
51060801,REPUESTOS PAÑOL
51060802,PARABRISAS Y VIDRIOS
51060803,NEUMATICOS
51060804,COMBUSTIBLES
51060805,MANTENCIONES EXTERNAS
51060806,INSUMOS
51060807,SERVICIOS SANITARIOS Y FUMIGACIONES
51060808,GASTOS IMPUESTOS ESPECIFICOS
51060809,ALIMENTACION BUSES
51060810,REVISION TECNICA
51060811,PERMISOS DE CIRCULACION
51060812,INSCRIPCION RNVM
51060813,TRANSFERENCIAS VEHICULOS
51060814,DERECHOS LOSAS
51060815,SERVICIOS TRANSPORTES PASAJEROS
51060816,SERVICIOS TRANSPORTES CARGAS
51060817,DERECHOS PLANILLAS
51060818,PEAJES
51060819,PESAJES CAMIONES
51060820,SEGUROS VEHÍCULOS
51060821,SEGUROS PROPIEDADES
51060822,SERVICIOS GENERALES
51060823,LUBRICANTES
51060824,GAS
51060825,COMISIONES TRANSPORTES PASAJEROS
51060826,COMISIONES TRANSPORTES CARGAS
51060827,CERTIFICACION BUSES
51060828,IMPUESTOS VERDE
51060829,TRANSBORDADOR
51060830,SERVICIO MONITOREO FLOTA-GPS
51060831,SERVICIO CARGA BUSES ELECTRICOS
51060832,CARGA DE EXTINTORES
61010101,SUELDOS ADMINISTRACION
61010102,APORTES EMPLEADOR ADMINISTRACION
61010103,HONORARIOS ADMINISTRACION
61010104,AGUINALDOS ADMINISTRACION
61010105,FINIQUITOS ADMINISTRACION
61010106,BIENESTAR ADMINISTRACION
61010107,SEGUROS ADMINISTRACION
61010108,COLACION Y MOVILIZACION ADMINISTRACION
61010109,HORAS EXTRAORDINARIAS ADMINISTRACION
61010110,VIATICOS ADMINISTRACION
61010111,COMISIONES ADMINISTRACION
61010112,BONOS ADMINISTRACION
61010301,ROPA DE TRABAJO
61010302,SEGUROS DE VIDA
61010303,VACACIONES
61010304,CAPACITACION
61010305,EXAMENES CONDUCTORES
61010306,ALIMENTACION PERSONAL
61010307,ALOJAMIENTO DEL PERSONAL
61010308,CERTIFICACION CONDUCTORES
61010309,TRASLADO PERSONAL
61010350,OTROS GASTOS DEL PERSONAL
61010401,ARRIENDOS OFICINAS
61010402,ARRIENDOS INMUEBLES
61010403,ARRIENDOS VEHICULOS
61010501,TELEFONIA
61010502,REDES Y TELECOMUNICACIONES
61010503,DOMINIO INTERNET
61010601,SERVICIOS AUDITORIAS
61010602,SERVICIOS LEGALES
61010603,SERVICIOS INFORMATICOS
61010604,SERVICIOS PREVENCIONISTAS DE RIESGOS
61010605,SERVICIOS DE ADMINISTRACION
61010640,ASESORIAS EXTERNAS
61010701,LUZ
61010702,AGUA
61010703,CONTRIBUCIONES Y ASEO
61010704,VIGILANCIA Y SEGURIDAD
61010705,ESTACIONAMIENTOS
61010706,CORRESPONDENCIAS
61010707,ARTICULOS DE OFICINAS
61010708,ARTICULOS DE ASEO
61010709,PASAJES AEREOS
61010710,PASAJES TERRESTRES
61010711,PUBLICIDAD Y MARKETING
61010712,PATENTES COMERCIALES
61010713,CREDITOS FISCAL (GASTOS)
61010714,MANTENCIONES INMUEBLES
61010715,GASTOS NOTARIALES
61010716,DONACIONES
61010717,INFRACCIONES Y MULTAS
61010718,ADVENIMIENTOS Y CAUSAS JUDICIALES
61010719,INDEMNIZACIONES CLIENTES
61010720,IMPUESTOS DE TIMBRES Y ESTAMPILLAS
61010721,GASTOS COMUNES
61010722,INSUMOS-ARRIENDO IMPRESORAS
61010723,INSUMOS Y EQUIPOS  COMPUTACION
61010724,SERVICIOS DE ASEO
61010750,GASTOS GENERALES
61010751,ARRIENDO DE EQUIPOS
61010752,GASTOS REEMBOLSABLES
61011801,AMORTIZACIONES DEL EJERCICIO
71010101,INTERESES BCOS. E INST. FINANCIERAS
71010102,OTROS INTERESES GANADOS
71010103,DESCUENTOS GANADOS POR OPERACIONES
71010301,UTILIDAD EN VENTA DE ACTIVO FIJO
71010302,OTROS INGRESOS
71010401,DIF.CAMBIO GAN. POR US$
71010402,DIF.CAMBIO GAN. POR UF - IPC
71010403,DIF.CAMBIO GAN. POR FORWARD
71010404,DIF.CAMBIO GAN. POR OTRAS MONEDAS
81010101,INTERESES BCOS. E INST. FINANCIERAS
81010102,INTERESES LEASING
81010103,GASTOS BANCARIOS
81010104,COMISIONES BANCARIAS
81010105,COMISIONES TRANSBANK
81010301,REAJUSTES Y DIF.CAMBIO PAGADAS POR US$
81010302,REAJUSTES Y DIF.CAMBIO PAGADAS POR UF
81010303,REAJUSTES Y DIF.CAMBIO PAGADAS POR FORWARD
81010304,REAJUSTES Y DIF.CAMBIO PAGADAS POR OTRAS MONEDAS
81010305,REAJUSTES LEASING UF
81010306,RAJUSTES LEASING MONEDA NACIONAL
81010401,PERDIDA EN VENTA ACTIVO FIJO
81010402,PERDIDA POR DIFERENCIA DE INVENTARIO
81010403,OTROS EGRESOS
87010101,C.M. PATRIMONIO
87010102,C.M. ACTIVO FIJO
87010103,C.M. EXISTENCIAS
87010104,CORRECCION MONETARIA CTAS. DE RESULTADO
87010105,ACTUALIZACION A VALOR JUSTO
87010106,C.M. OTROS ACTIVOS
87010107,C.M. ACTIVOS LEASING
87010108,C.M. ACTIVOS TASADOS
88010101,IMPUESTO PRIMERA CATEGORIA
89010101,INTERES MINORITARIO
9909909,APERTURA
